stem,sha1,modified_unix_time
00040da5,be5d69c46afbb5919dbdd3d409b6c4223235f05e,1775627175
0005cada,f7d34794449943a1efa434e3d04b64c3691f5ce3,1775804911
0011b5d7,a6220ebb4a7569313b1f1170229ab156b5a7e237,1775804911
0011b626,b8a9136d1e632d0fd84b51cd80e92ccdd4d5b60d,1775804911
0012b5d7,d06dc6eb3b280e8e25678841be3f8284abfeb2e9,1775804911
0012b626,8e9fea8b20671973689662d825fbe48bcc11775b,1775804911
0014b46f,b931ca06c45131a014bbfb54d86f04fface59051,1775804911
0015cada,668b6c1b155c9e4f6b533ebc782ad12bdcb63784,1775804911
00163d74,efa32c17ec146640b06395b3a6b49f9dbb4e4dd3,1775799243
00194261,53a33b1a797651082a500d3785ec5bafb0c3d160,1775804911
001e4234,fca5a251e85c749fdb6e10f84c64d64699a6c92d,1775799243
0022b2d3,d25bd0ee6991061048d77d8b0f49cce0659e7e26,1775804911
0025cada,26d0c3ec4091db6cce3fbb4be8d2a05702a5f596,1775804911
002a4e9e,e93f8060c96356a51fb5a928288fb73462fb0760,1775982531
002bb5de,4ab4dd2155352d244b9e0371c6d4e20b6b6f5554,1775804911
002cb5de,d0c57fa05d1c69da70f9088d9c334b70029cc43a,1775804911
0035cada,2fdacf0fb84304267bffe44aca5d10fcec651385,1775804911
00360eea,215c24f4a9b0a559f9e1cfa7c1ef9d225c05bafe,1775799243
0037b2cc,ad9debee11d98ab09350b7b7cc64650804b1729a,1775804911
00393ebb,024f8ebb22254eccd10089dff56477b8e60eca65,1776303315
00393ebb,0b9c97f4525a208e6e10e4aa90631f8b2b7093d7,1776303090
003d0d74,7804e9939414404da072ae90c32d133a98a11962,1775799243
00454202,0b0095770b4457e2b03422cfc49f026a276f9b0e,1776234312
00454202,a5abb50baf5f5006765479f3a8f366b3124c4aeb,1776237167
00454202,b5cb202704e28adb251a39b02aaf1e2b07639826,1776232420
00454202,db66efe6562bda37dcb26cf3b7bbf20492366ff4,1776232420
0045cada,cdc77c8646c9f82d3741af6f24b7bb4cd4655f9a,1775804911
0049b9cb,5eefa5ef7e15b02bec6d0b3ae8e3c9b0d47a5c38,1776393364
0049b9cb,94d3995358260bea7783aff8f753b1e6bcdbb99b,1776349141
0049b9cb,aa384ac60ce0558d956ced2531035cb810093ba0,1776330409
0049b9cb,c14941977852b54a534f2477f8fbc8ac4ccc1ea3,1776154233
004a230b,8daffcf065cae2c8714a45a353efa807cf610eb0,1775982531
004f0fb2,ad70fcdd19f9934a49e3d4e7e79c04505f565106,1775627175
004f81ad,2c5ac3715aaf95586aa9e9baad02d373e9d93cce,1770090162
004fa1ad,1e70ef704bf3c8db2afa6bb0157423c2cd355a2e,1770090162
0051ed70,1754e0d1321e7210625a0851ca5779cc82874aee,1775804911
0051fd77,f9e9dca2ab6e7cfceb0f16b6b099d5f0eb005a5d,1775799243
0053d847,833a6815222a0f3244301d07de5d919a10c1749c,1775799243
0053e470,46f4ba79ece55d675c8ec735edd693570f943ab5,1775804911
0056594d,79628cd32dfbeef53cfdd3a405ee89746a17cdaf,1770090162
0056694d,03a5ab43f8fc97d5aa764922d9dc2001b607ff42,1770090162
0056794d,edde1aac4dd433f1c944398425c56906b2f899dc,1770090162
005737d5,da2d12b85f66d60a4ae7104291418b90b99ff068,1775804911
00581d5d,eb72c6adea2aa3a6ff0ed72ada676ad2c19ff8c6,1770090162
00582d5d,af8dbc6da7b36b15006922be54f39e5a28c3da50,1770090162
00583d5d,2442d569f3e60d8dbeaeb074790527f5ea918c92,1770090162
005ce186,11cf53dd2471cbc3173b03cd51a370186ba74fd1,1770090162
005cf186,d13ff1048673f7b8347cd5c6decc6c9b7be56746,1770090162
005d0186,ec052fb7c67f51c453e81604359936a25ba183de,1770090162
005e568e,6fe808dc178d1cdb52923788654b7d547ea84492,1770090162
005e668e,b59ae6c31af17be5ebf5e3cae01c5f348210c41f,1770090162
005e768e,ebd4feea50793f504203ade92ebdcc4bbbeb985c,1770090162
005eb9cb,0ce60ca50a15b714ac0ca010d58a364d07bfca32,1776330409
005eb9cb,a9cac433d0967addbe7229f4f37145433d74c6c1,1776393364
005eb9cb,c04b415d89017105de0e8f9081f8aed35b10252d,1776349141
005eb9cb,e24ed3b7e2743ebc0381db76690200df9bd79254,1776154233
0060a8e0,68c30a23fc63109f79de0ed56438c02cf1420022,1776349141
0060a8e0,a9ccc4ee8b9e26f8bf836549f8ef88899f897d38,1776120024
0060a8e0,d48fe024d500450e39a0537a189236e8ab41529e,1776330409
0060a8e0,d4e54c93fd0566945f42b1ff59aca75dfa4a743e,1133409166
0061b17c,9454c338182126c9be661daac8df595155e47cbe,1776330409
0061b17c,b40e53319b04c4b5d27d6ca0f9b1d17415cf0560,1133409166
0061b17c,c809076058e696ce5eb7efda0aad751cd3e53102,1776327651
0061b17c,dbdc5af505fed4a6084b9b150b58a50cd30560d7,1776349141
0063a8f6,3e07c9e0243f765ea5465523507a0fd60ed0de11,1770090162
0063b8f6,e96c94c68cf7d9a136b20f520be814c0057e3fae,1770090162
00659f16,f911b35b47a6b0c9b3c4f6e58df60dd40b7a3b59,1775804911
00669f16,c2af3226ca8437048786eca1aa4066e22530b5cc,1775804911
00679f16,6232e08975115007d25830ed3c3e872158551520,1775804911
00689f16,16658deceb97f20da8a841074d3db3e75c8ffc2c,1775804911
00699f16,4fd4aa3e4012f3b15c06f80391a261e9e14e019e,1775804911
006a9f16,038b66f319597566535ff495664faec166e375ea,1775804911
006adf8b,10cd263ec8c5f680355a25f339f3698eca040303,1770090162
006aef8b,e509428362c36d49a75ac52ead18a275a0f8f376,1770090162
006aff8b,9bdbfbd71f209486f4e8bdbcd8c6ec037b279da9,1770090162
006b9f16,6f45958d96ad6cff34a15a527df59b66b0a02fec,1775804911
006c9f16,db195c8f00f4d8befbc2691fc45c2c7300f44e96,1775804911
006d9f16,a4216a9202470af53c32781e3a2f669e8603f342,1775804911
0070462c,4937a5a1a0bc740dd432c13a6ababa109ee3d9ad,1775804911
00713f17,d9fc96b4773007d338b107bff03433a63f4ab378,1775804911
0071b304,2e5f6ea31dec6fb7eb705a14a9d10af74cb8954b,1775804911
00723f17,ba310e981f6f890eee84d75950b0986ee6da3189,1775804911
00733f17,aae6a9b458a3c9680420c2eb052e76fdedfdc238,1775804911
0073b5c3,c20a98fdf37bdeee8dff2bc508306fb75f726f3b,1775804911
00743f17,22725ae81660667cf0064075966fb06faabf1f19,1775804911
00746cd0,10f6abef638507be742fab05dc3d392419883d65,1776330409
00746cd0,5c4180765e347a80aa02050b29910ab97cddbbda,1776328049
00746cd0,8f109f74e8f55ca1b1ef9e92493537c4d585b90d,1164945166
00746cd0,ca6c9f010a89b3863deeffc4605956ff0ffc8e19,1776349141
0074b5c3,034d4b7fc1d182771ffa612f0698a3e13f7f884e,1775804911
00753f17,9547b93b84ff3583a12b291615c7a83ad61a6791,1775804911
0075a8e0,0410e70a9ff4639a365a307b1f922a777b3c4b7f,1776349141
0075a8e0,431fb97131c97c0d3cb2dc8e4a35de6adf93f5d2,1776120024
0075a8e0,a315361b746f8a213befd1988b3bbe7d1679161a,1164945166
0075a8e0,c2c59ecb40183dec8a1183cd8f0bde45c0b89798,1776330409
0075dece,52f21daac17a5ec78ed284adc9bcf70f54c6008b,1770090162
0075eece,4487e65ee23bde7e42b752957917434c049428c5,1770090162
0075fece,f5d430db415475698c3ed8ba964fbcd4ecc2385c,1770090162
00763f17,3ef349a14981fa29d689c7d4172e6baf6d9c7a24,1775804911
0076b17c,4a2926961ae26f1a960fa2fa899da63c8e4896a7,1776330409
0076b17c,94cbc25199e39a52db1099c66d34c29a74b04d9f,1776327651
0076b17c,aca49e70cfd42188d5b55bbb69628251edaf435a,1133409166
0076b17c,df7ea10c4eb4e0e15dc3e163c89c7e7e3081e15f,1776349141
00773f17,2c4f3c9652b8aa4dcbb42037c365747dad3bbddb,1775804911
00783f17,e27ff44dc592dc98ffb4615b6935ef4a8f9e3a36,1775804911
00793f17,03c659851e81f5f03ec6302b51b08aecedbc5ba1,1775804911
007a0eb6,43acb208790b4c0e677947029334ee19239492b3,1775799243
007a861b,5adb2efc93b4bf083326d5fadccc72fba036b8b6,1775804911
007b8516,6fce541fcb84dde033db47eb3f4dc6a8dd4bc07f,1770090162
007b9516,49d13c0b85ce8b76de529ceb9527ddce6d8e97ff,1770090162
007ba516,c354375cdbb9bf85e38742cbfb41a8092442abd6,1770090162
007cab39,43ba8207a3a977c06e92941b758488973013566e,1776349141
007cab39,b71d12e7009c36bcbd45f406ba5bda91be1a561e,1133409166
007cab39,b91f6340c45bc302cf0e6109bf9e6b9fd008c1c4,1776120024
007cab39,d0883464ded2702e8e888e1961cba6e73abe98e6,1776330409
00812743,b5516c99dc68e9b58f6aa65ae70f7f4333dd80b6,1770090162
00813743,8ba83662355324fa10006306ff2332af36370962,1770090162
00814743,6779c56fc842e517d8d77a3f9eb1ec8729b6c044,1770090162
00896cd0,009755afc0b59af40372a1f53a56056d2041131d,1133409166
00896cd0,7cd41e485670da6329906991f2337fcbd23dd5e0,1776349141
00896cd0,ab04e9f3af120dcbf957facd50b69efc51356f7d,1776330409
00896cd0,cf901a4ef97dadd981671414cf962dcacb3b5aea,1776328049
008a85bb,a015e5ddf9a23b9aa34a640c5cd62cff5c327290,1770090162
008aa5bb,4dc6e9869982587d319a8873b455e75556869ce3,1770090162
0091ab39,11e6d44261fc41255570820f175dbcd935b56637,1776120024
0091ab39,90fb7b1abbe6851fbc7b508ae742c6a214a461af,1133409166
0091ab39,a5167ba0d754a734e3edc9770a98d4789aee9779,1776349141
0091ab39,e52cb69bd288fb3553ad98336fd43aebcbf950bf,1776330409
00999367.img,b039c01e1a89fc0e25a8a8475ee361de7947eb10,1775982531
0099b5be,09167192b2ad1b2a7a0fd113a942923416d5d475,1775804911
009ab5be,9de7b6cd604745df4d0f1a3b07c01a82d859bb06,1775804911
009db5b5,0c345b7cdf4a430de9d346998fab75f47246bf7c,1775804911
009eb5b5,d09ff1001bcd5a2a792fbf49c44196f1a7f5a21a,1775804911
00aa0f17,5037ea349b4a89355037e9732fca2d38ac2ed8b5,1775804911
00ab0f17,d3dfc435af287543e827e5aae2045a9f093541a9,1775804911
00ac0f17,0e47fd25b4d19d3d9bbba914d0234631b1955745,1775804911
00ad0f17,b4d5fa7d5041ab0d07a41e0ec3b1aa91a9605752,1775804911
00ad7f16,5cc832ced4bc1b200de8f52c2c8728a1f625745e,1775804911
00ae0f17,c8d0316bdc184d847f3edb6819f043f921718c7a,1775804911
00ae7f16,510be2cce4e2e49108b2dbe439de144b4ccead6a,1775804911
00af0f17,1f45343f0345b2131558f71e6450021f1d0e7415,1775804911
00af7f16,1f7d10c92bdc31708850df1cb17e9fcff3afe74c,1775804911
00b00f17,b0ab2bf7f778b5ccade58425bdd68161a12c9f4e,1775804911
00b07f16,a6314ccb916d8c3885e05caa9bc02e77cbd9a459,1775804911
00b10f17,53efcb8ea900d0cfe93381d0e5109080fb8a4264,1775804911
00b17f16,56c4f57b0030d1fdbbaaa378496971bf53830a8e,1775804911
00b20f17,79a8c7a111996b5a4f159ea3cfdec246e5b36001,1775804911
00b27f16,57b4f580f322652e7219cb4fd7e4765801b49464,1775804911
00b37f16,4be6054cfe11f7c8a8ad4c6f2800408cbf8b5dbf,1775804911
00b47f16,deeace69dd8c109a1cfd825827448f6e23c4921b,1775804911
00b57f16,382ad6bad928d56b8ed96b0aff6f0fcaf2dc420c,1775804911
00b5b2d0,de19f86f34cbf2ec999432eea53d2d9ec87c30b8,1775804911
00b60ec2,3132c438248fa9835291cd91ccde96975dea40dc,1775799243
00b6209a,49df46b4408becac55582869186290bc143abf22,1775804911
00bd89a1.img,596fd574590df6be9b8af5989563986e8d6c1e86,1756603292
00bd89a1.img,a07cba9abb6ae591ea6847d0c12ccd8f76dd94c6,1775981424
00c5cad9,0513b6c1f4778ac0f3af073ce0401f3e6d883332,1775804911
00c8c0af,779ab38fc37dca84e81866d5f5125c805cd86e92,1775627175
00ca8477,d7c51c51ca7f3ee22d53bce329c08079ae5b5b60,1775799243
00cd4028,c483f543699924b344ef13785b22b33fe3c55ea9,1775804911
00d44f16,9bb723f57a872bee3421661651403ee0749c0f0a,1775804911
00d54f16,d8183f16b92ef986a44d72d5287b6b865339211c,1775804911
00d5cad9,cb59974cd40d5c63fab16ba64dcdfc5100334382,1775804911
00d64f16,83bbb2611598978e6b1387499d90045b3063857d,1775804911
00d74f16,a04deed141eacdbfd10e0d88594edf007a3317ca,1775804911
00d84f16,2ede2c89a2114dd3e51d0d03354b6b5b4a9c8d49,1775804911
00d94f16,ef034ed8bf9bebe3297fdf0421a448a8796357aa,1775804911
00d9fd74,7722a559ecd23578877cdf25338dd805386745a2,1775799243
00da4f16,222dee1033957a0edcf4529705a952f8567372bb,1775804911
00db4f16,d3d155fd4bf82a90c3503a3b2e9480303ff13459,1775804911
00dc4f16,a1a771e1f69544b6050df4a082c9068ae0ec2d1b,1775804911
00ddd547,0e260bd095684083d3e99af48e1ff71a0d620eae,1775799243
00ddd547,607fc9aa3ec0d7904b9a1401f99d86f27dac856a,1775799243
00ddd547,904181d6888209ea7c5c9776f4e0e2cac58183d6,1775799243
00e11a3e,1c0cb80e263942d0676e9f8e2c0e3a2f4cba7ef6,1776234439
00e11a3e,4d828135cb28fdeb173df872317aa6e0dd8c7581,1776236762
00e11a3e,9caa98298f4619fb99015308e49a0d6e0dcd1668,1776266613
00e11a3e,b872bd6e9bb5c96dcf5bde1d67d158facc491462,1776266694
00e5cad9,2d9dfcec5d90559eb9751ea14eeb758f1f735d71,1775804911
00e70eb8,d09b411ddf8ae236946c4d99dc7e9f338c09a4a5,1775799243
00e786c5.img,84f85e5218655056d1f19019fc7a311bddb3a05e,1775982531
00e93f19,3eba5b4ff1a6ee62fdb6ecbabcae34870803dfae,1775804911
00e9d866,85496d4b191c1d05583bd5deb6fe0275768b4376,1775799243
00ea3f19,79386de2867a80aaf012cde36a5b51a5d5efeb2c,1775804911
00eb3f19,98b56b3351c3729f14ca6a3179c2ed25aed9618f,1775804911
00ec3f19,a910cc80a7f08645734c43918f88a7190b81cca8,1775804911
00ed3f19,a796a2ac733787342b5b62f779047cd77251af73,1775804911
00ede1ab,9abccfbc50ab082ef4c9980ed712aeb4e5b231f7,1770090162
00edf1ab,3451f4ef734a257349355c612d5645d2006380fe,1770090162
00ee01ab,5c279a79376e6a5e565bf80a20545966c2371dc6,1770090162
00ee3f19,2a70fb0625a8403a72d428a8927d2fcfb451b763,1775804911
00ef3f19,0041b0ae3d34f9cb31d5d410fa86999a851faa97,1775804911
00f03f19,077a52c8f6bbeddfa84e048e4c73671c756a41d5,1775804911
00f13f19,1c266d7e5709342e4a910b3eea889ea7a1378a5d,1775804911
00f1b2dc,93cc694bdb55aa38676b528b4bc3fab1aee5bec9,1775804911
00f1c0b1,bf8d61c294db1017447065024c5d9509728a1d89,1775627175
00f5cad9,e698aee485605b7c7382ab3850dbd6a768a8efd2,1775804911
00fb98ac,2dfcd9950be245e440220f358b68b1cf63b52b35,1770090162
00fba8ac,13a852323342102be29d9af71917ea193d723d73,1770090162
00fbb8ac,0ec13aca0a7294dbd1804ade75b783954d980944,1770090162
00fc60e2,0b0095770b4457e2b03422cfc49f026a276f9b0e,1776234312
00fc60e2,a5abb50baf5f5006765479f3a8f366b3124c4aeb,1776237167
00fc60e2,b5cb202704e28adb251a39b02aaf1e2b07639826,1776232420
00fc60e2,db66efe6562bda37dcb26cf3b7bbf20492366ff4,1776232420
3af043,09153459d489913a5b134d16cf17f60168d7a04c,1101873166
7a85b1,f7995b02185cb4b4097c3f2deb671335f377dd95,1101873166
armory_kan01.bmp,129320326f869c4edae4398e6c2205d1f92629b0,1770090162
armory_kan01.bmp_1926b58465933136b8b8e9a28ffb67c1,e71bddcb8e8636a504f191087ace47c155ac0a3b,1770090162
armory_kan02.bmp,6c79800fe963b6e7c95a5e8f47caad48d9cce6ed,1770090162
armory_kan02.bmp_f2036919f3c1c4eaeaee951679a30cc9,b45d18001a6de4757f0fac463dc1bae99b9ac102,1770090162
armory_kan03.bmp,4236287c9bfa5625e0f07db899025d6f99ac3e6b,1770090162
armory_nosmk_alp_ovl.bmp,2550387bec28df82e1aa32900eaad5a33140cf20,1770090162
armory_nosmk_alp_ovl.bmp_424696b4a9db087afd9d2be2112e6de5,3c24fec3434a0fb899925b51c939e50dc56521cf,1770090162
bp_x_and_a_buttons,4672831f7176744b335e98e98700a1e8169492c2,1775799243
demomovie_bg2_alp_ovl_rep.bmp,bdb9505a40ad5c0b32b9e6f30ef207ad05978961,1775804911
demomovie_bg_alp_ovl_rep.bmp,b958a2da7a73d362fad84a5fd5bd343cd46feab2,1775804911
demomovie_line_alp_ovl.bmp,04b1f158c7c23c849420ae6a59e9a7c6b03cbb5c,1775804911
e01_1.bmp,6a96b6968bf730c3f6ddf53611922da97b473806,1775851737
e01_2.bmp_f0b63fb0ea7e68f56e4e83a511bf37e1,325fbe6dd440ec6e013a7acba9aedd6c46249bb1,1775851737
e01_3.bmp_541acc1ad8a115247861fcf34368023d,e008fdb3df69b001fb3a600cf642342ac41a4da5,1775851737
e01_4.bmp_54f96d8a29ca80b1a3feabfd6ad0ce4b,474b830d26a2cef6f8708a842ade01e685d65d0b,1775851737
e02_1.bmp,55128b0b2a800c9ae94e7670da6255e903fd4198,1775851737
e02_1.bmp,968d83b4d3a006f1eee46b3046d7fca5c99cf25f,1775851737
e02_2.bmp_75c18656e1070488b65f4ef3c5459c6a,96be59ca4f962314e732f33fa9573dd664ae26b2,1775851737
e02_2.bmp_75c18656e1070488b65f4ef3c5459c6a,d7befd1e778e3203207e706c134f81a7226118c2,1775851737
e02_3.bmp_9f9413fdf4806383d89d42846a722a3f,acf3bccef14666fa2b4c3d3d0c52a21893c78827,1775851737
e02_3.bmp_9f9413fdf4806383d89d42846a722a3f,b00946456739446d0ef94f77aa583194748114ef,1775851737
e02_4.bmp_e98df2b1939851f47c8a6c28ea1d4cda,0dae4a9862ecb04b50f4afa1cafe62616356d743,1775851737
e02_4.bmp_e98df2b1939851f47c8a6c28ea1d4cda,bd08e0eb4811259d0579d3577d3384ba2d2849cc,1775851737
e03_1.bmp,6a96b6968bf730c3f6ddf53611922da97b473806,1775851737
e03_2.bmp_9dacb2c715572785a6dae28acd90e8b1,325fbe6dd440ec6e013a7acba9aedd6c46249bb1,1775851737
e04_1.bmp,1e4e70eb6051e9a6ddc771d7eacabbbd737c2bb3,1775851737
e04_1.bmp,55128b0b2a800c9ae94e7670da6255e903fd4198,1775851737
e04_2.bmp_04dda450a93965ec055c9b3e101e099b,0d53c7da699a07dc6915ae8eb85c69a6b7b7c3fe,1775851737
e04_2.bmp_04dda450a93965ec055c9b3e101e099b,d7befd1e778e3203207e706c134f81a7226118c2,1775851737
e04_3.bmp_6e40581365c7129ba9808c175223db1c,b00946456739446d0ef94f77aa583194748114ef,1775851737
e04_3.bmp_6e40581365c7129ba9808c175223db1c,ce60da9ce996e9475def67dbc712414f9ade30bb,1775851737
e04_4.bmp_8c6cd8cff37073ad12c3337cfc6743c9,044a50aa1b04988ff5ac2cda2c4b069a60ba7217,1775851737
e04_4.bmp_8c6cd8cff37073ad12c3337cfc6743c9,bd08e0eb4811259d0579d3577d3384ba2d2849cc,1775851737
e05_1.bmp,49f8176934203b5ee3b67ba868ec2940733d2c24,1775851737
e05_2.bmp_82b3b58938902ff77960ab86bece7fde,3ec820af92c5f39841dac5e3af56bd8519b79bba,1775851737
e05_3.bmp_af67f0040e86439009598c872cff2e9d,5ce6010811b63cb645e8703184471b07dd0f4dcf,1775851737
e05_4.bmp_36713177f73649f66e6d12e18911a8b2,13413862e342b25da3ce9872bd1ded30a53c79b3,1775851737
eve_def_face_fix_new.bmp,072e80b0b641ea40ea5589011b318ac0de2db38f,1776106959
eve_naked_face_fix.bmp,803830b8bec3f2f9c768fe4017859448ed584dc5,1776106955
eve_tac_face_fix.bmp,374dece810a31c6136715362afa889c3d7960ef2,1776106952
eve_tac_face_fix_new.bmp,57ad4bc90071d6e232b380b305106622902ddc1c,1776107033
eve_tac_face_new.bmp,bbb89412b6eee5d4ca187b0fb2dac900d14ba12f,1776106962
gunship_body.bmp,05ce5ea00a5c6be7faba34fff1fe8d682e77445b,1101873166
gunship_body.bmp,150bf6c3a168da4909321ce819a5498b2c78a035,1775623567
gunship_body.bmp,239de8f15a8f1dc67e4d33bf2843a3c8451c47dc,1775967809
gunship_body.bmp,3b668b7716b9bb567dd989aa56eef9eb430e1fc7,1228103566
h_bottle_ovl_alp.bmp,9450c9c30e8fd3d39f5ed0d5217e4fc8cee1c578,1775853757
ibox_a.bmp,a030a8d765937ca75c7120b06791e53310e4c14d,1775715799
item_a.bmp,221534374170ac1c3c7a3502cf4e85cebeff69c6,1775715816
j04_1.bmp,d68fa4843aedf903cb039242c65977cc747d0b57,1775851737
j04_2.bmp,ed44836a0d688f560c12c71172f81d6306906474,1775851737
j04_3.bmp,3e13127689de31babd9f9f2132804583be1c5117,1775851737
j04_4.bmp,e3eb3facb02ccfacd76b7a7e0122b577b5d48fb3,1775851737
j06_1.bmp,78d4151fd6b0b05a92891d434d5e6d64080d708d,1775851737
j06_2.bmp,fe852a8127c4e9cfe86271d7416861d81af97a84,1775851737
j06_3.bmp,72c4fba4f2e2ee9d42a6b6ddf38b25f44dfb9d55,1775851737
j06_4.bmp,f3a21431d15deb01b522b7a452bb8bf0b4acd57b,1775851737
j07_1.bmp,e88dac8885906c0e807c07c5dbc48ee61627a9c4,1775851737
j07_2.bmp,8fdcd29186d46fcbce57d1331b8d9ef0e5e8554c,1775851737
j07_3.bmp,86246ac4aa33eb116c77805c77fe511f02ff1600,1775851737
j07_4.bmp,f8c919cec4c3546bda59d3b22b9186b95abc1518,1775851737
j09_1.bmp,78d4151fd6b0b05a92891d434d5e6d64080d708d,1775851737
j09_2.bmp,fe852a8127c4e9cfe86271d7416861d81af97a84,1775851737
j09_3.bmp,72c4fba4f2e2ee9d42a6b6ddf38b25f44dfb9d55,1775851737
j09_4.bmp,f3a21431d15deb01b522b7a452bb8bf0b4acd57b,1775851737
j10_1.bmp,ab59ec46f490c321b01d679df1b15c86b55e6ac9,1775851737
j10_2.bmp,1088db90c9247b7860209b8e1ad11888b188eb57,1775851737
j10_3.bmp,bc638d2662a42a3189f799bc01a070631aa2099b,1775851737
j10_4.bmp,b68a1efa9eb10e20b139973a9cb891aca63030a7,1775851737
k08_1.bmp,1e4e70eb6051e9a6ddc771d7eacabbbd737c2bb3,1775851737
k08_2.bmp,0d53c7da699a07dc6915ae8eb85c69a6b7b7c3fe,1775851737
k08_3.bmp,ce60da9ce996e9475def67dbc712414f9ade30bb,1775851737
k08_4.bmp,044a50aa1b04988ff5ac2cda2c4b069a60ba7217,1775851737
loading,89481012f2e36f88d9b2fca366e2c6383a104c8c,1775794421
loading,d2c4fb0a7c2f5b5f3a860095013375fd47a26f7c,1776151686
loading_4k,62e5872d00d4068285f099da24b9e25ecc6cbfe5,1776151686
loading_4k,b6cbbe0963f0769f54da8f5a513d9bbd59fe2524,1775794421
loading_fhd,3ac12804cd7b1f66db220f5b33f6c9be3916f5b2,1775794421
loading_fhd,e05a6aab042e1ba9fff086fb4281ce8ad712aeba,1776151686
loading_jp,89481012f2e36f88d9b2fca366e2c6383a104c8c,1775794421
loading_jp,d2c4fb0a7c2f5b5f3a860095013375fd47a26f7c,1776151686
loading_jp_4k,62e5872d00d4068285f099da24b9e25ecc6cbfe5,1776151686
loading_jp_4k,b6cbbe0963f0769f54da8f5a513d9bbd59fe2524,1775794421
loading_jp_fhd,3ac12804cd7b1f66db220f5b33f6c9be3916f5b2,1775794421
loading_jp_fhd,e05a6aab042e1ba9fff086fb4281ce8ad712aeba,1776151686
loading_jp_wqhd,5f8ee6634c6b8c4c1d2fe0e319f7dfa758bb5d2c,1776151686
loading_jp_wqhd,a2ee706837eea14306f65ffb118a7267f97933f6,1775794421
loading_wqhd,5f8ee6634c6b8c4c1d2fe0e319f7dfa758bb5d2c,1776151686
loading_wqhd,a2ee706837eea14306f65ffb118a7267f97933f6,1775794421
s112a_cell_floor_01_alp_ovl.bmp,23e7b51fc25ce5845a3ad3ff8f893bfb85a31103,1775855244
s112a_cell_floor_01_alp_ovl.bmp,542b302e6e51d3e3d326fdcaa068accc971355e0,1775982531
s112a_hibi_01_alp_ovl.bmp,3451f5d2345a9f71ba74b8d128ba97bc715fe9f4,1228103566
s122a_fence_alp_ovl_01.bmp,6c0ff5d78be43e11a11fedba0b9d4ac3cfffd4b3,1775874494
s171a_mo_fence_alp_ovl_rep_01.bmp,a0c501b97e8241b000209da05d94a892177cb443,1775874494
s171a_mogi_fence_alp_ovl_rep_01.bmp,1b5aa35dca27b0fb0e89545e9f18a71d69871b69,1775874557
s222a_america_01.bmp,951c1636bbe6475685834a75dc36f570efcbd417,1770090162
sga_cigar01_brake.bmp,ab3f215ae94e7093bfa04359064b6bdf96cc90a2,1714253443
sga_cigar_origin.bmp,3b76ac2db9487ab7214c64103aa04d55cea1bd84,1714256296
sna_def_hair_front_ovl_alp.bmp,1dbdf1fcb2284258d41dd0f0ecafe3acef4c34f4,1775982328
sna_def_olive.bmp_250c64d61d6d43eebe785ba570084310,26d234bd4ae9cf946697d9fde9bf66eb126ef58a,1775626812
sna_face_cell_hi.bmp,7530ef8ce7c9df3f07f3a6d0bedbd210a411161c,1776229457
sna_face_dam_eye_ovl_alp.bmp,1c7e275b57b1aa8e98b866b46e3844bb9179342e,1776229457
sna_face_ed_def.bmp,38cc84c7724144dc52f86807d2d8ce753dc5b4c1,1776229457
sna_face_ed_def.bmp,9bb8f04a531399fcd35add73030ab06125d5ecd8,1776228161
sna_face_vr_sta_ovl_alp.bmp,56801e2836bf198748e62037fcc342a563276638,1776229457
sna_flirt_tiger.bmp,26bce004256f1b7f8fe42443763a4c5bacd941ca,1776341000
sna_flirt_tiger.bmp,ca4dbfbe673408a28d54602c47d0a28f45bd2a4c,1770090162
sna_foot_naked_flirt.bmp,a6acf5ee5f72b4b178952e8c8435271d2785e80b,1776338921
sna_foot_naked_tor.bmp,e8406d3ec0c22942c62d2d293d667889ca77af80,1776388540
sna_foot_naked_tor.bmp_73f755c5eb2ba5efb9fbd155062db075,19bad02f43cbd1b7d127c5b8ea3ed85b1abff3bb,1776388595
sna_hair_back_ovl_alp.bmp,271ee3f684126dff4bc2396f215bfee264aa02dc,1775982748
sna_hair_back_ovl_alp.bmp,fdd43e61092af62569a6d8e33ff69ad9f6915cd6,1775044329
sna_suit_tears.bmp,ed2e96ef7bb9c1bf8cc7a7d4838107d102d3512f,1776229457
sna_suit_tears_sub_ovl_alp.bmp,5d937b82cb6491a4fb4222ae92ed24751c590b85,1776229457
sna_tears_ovl_alp.bmp,bbc48b2659414c2fd3b56723228e231eb7eef4fe,1776229457
u06_3.bmp,e008fdb3df69b001fb3a600cf642342ac41a4da5,1775851737
u06_4.bmp,474b830d26a2cef6f8708a842ade01e685d65d0b,1775851737
vva_first_aid_kit_alp_ovl.bmp,4008754fee2aa848cfc17a7088e4780d91d211a1,1775044033
vva_first_aid_kit_alp_ovl.bmp,449015ac6b2167171fc0addff2bbdc158cff9067,1775715838
